"slug","product_name","asin","click_count","current_url"
"hefty-slider-storage-bags-gallon-size-66ct","Hefty Slider Storage Bags, Gallon Size, 66ct","B01JLPJM8U","8","https://www.amazon.com/dp/B01JLPJM8U?tag=dawnwire-20&linkCode=ll2&language=en_US"
"cerave-moisturizing-cream-face-body-moisturizer-for-dry-skin-19oz","CeraVe Moisturizing Cream, Face & Body Moisturizer for Dry S","B00TTD9BRC","6","https://www.amazon.com/dp/B00TTD9BRC?tag=dawnwire-20&linkCode=ll2&language=en_US"
"extension-cord-10-ft---long-power-strip-surge-protector-6-ac-outlet-4-usb","Extension Cord 10 ft - Long Power Strip Surge Protector, 6 A","B0CGWMQ89V","5","https://www.amazon.com/dp/B0CGWMQ89V?tag=dawnwire-20&linkCode=ll2&language=en_US"
"ball-64-ounce-jar-wide-mouth-set-of-2","Ball 64 ounce Jar, Wide Mouth, Set of 2","B01N1SIQP2","5","https://www.amazon.com/dp/B01N1SIQP2?tag=dawnwire-20&linkCode=ll2&language=en_US"
"cuisinart-15-piece-stainless-steel-hollow-handle-block-set-c77ss-15pk","Cuisinart 15-Piece Stainless Steel Hollow Handle Block Set, ","B00GIBKC3K","5","https://www.amazon.com/dp/B00GIBKC3K?tag=dawnwire-20&linkCode=ll2&language=en_US"
"4k4k-dash-cam-front-and-rear-free-128gb-card-included-58ghz-wifi-20mbs-fast-download-dash-camera-for-cars-with-accurate-gps-g-sensor-wdr-night-vision-339-ips-screen-24h-parking-mode","4K+4K Dash Cam Front and Rear, Free 128GB Card Included, 5.8","B0H6B6Y33F","5","https://www.amazon.com/dp/B0H6B6Y33F?tag=dawnwire-20&linkCode=ll2&language=en_US"
"howard-products-food-grade-mineral-oil-for-wood-cutting-board---12-oz-pack-of-1","Howard Products Food Grade Mineral Oil for Wood Cutting Boar","B004G6X0J2","5","https://www.amazon.com/dp/B004G6X0J2?tag=dawnwire-20&linkCode=ll2&language=en_US"
"hefty-ultra-strong-13-gal-kitchen-trash-bags-white-lavender-vanilla-80ct","Hefty Ultra Strong 13 Gal Kitchen Trash Bags, White, Lavende","B01BZ0LXL8","5","https://www.amazon.com/dp/B01BZ0LXL8?tag=dawnwire-20&linkCode=ll2&language=en_US"
"bs-mall-makeup-brushes-foundation-powder-concealers-eye-shadows-makeup-set-with-led-light-mirror-14-pcs-mini-makeup-brushes-apink","BS-MALL Makeup Brushes Foundation Powder Concealers Eye Shad","B0BQDHTCCR","4","https://www.amazon.com/dp/B0BQDHTCCR?tag=dawnwire-20&linkCode=ll2&language=en_US"
"qttier-educated-af-banner-funny-graduation-party-decor","Qttier Educated AF Banner, Funny Graduation Party Decor","B07PB4L2KN","4","https://www.amazon.com/dp/B07PB4L2KN?tag=dawnwire-20&linkCode=ll2&language=en_US"
"sharpie-school-supplies-variety-pack-my-first-all-in-one-pack-expo-paper-mate-elmers-glue-sticks-pourable-glue-pencils-dry-erase-markers-highlighters-and-more-31-count","Sharpie School Supplies Variety Pack, My First All in One Pa","B0D19HR16H","4","https://www.amazon.com/dp/B0D19HR16H?tag=dawnwire-20&linkCode=ll2&language=en_US"
"reynolds-kitchens-pop-up-parchment-paper-sheets-120ct","Reynolds Kitchens Pop-Up Parchment Paper Sheets, 120ct","B09BY6NYQ9","4","https://www.amazon.com/dp/B09BY6NYQ9?tag=dawnwire-20&linkCode=ll2&language=en_US"
"apple-2026-macbook-air-15-inch-laptop-with-m5-chip-built-for-ai-153-inch-liquid-retina-display-16gb-unified-memory-512gb-ssd-12mp-center-stage-camera-touch-id-wi-fi-7-midnight","Apple 2026 MacBook Air 15-inch Laptop with M5 chip: Built fo","B0GR114BV7","4","https://www.amazon.com/dp/B0GR114BV7?tag=dawnwire-20&linkCode=ll2&language=en_US"
"yogati-yoga-mat-with-strap-with-alignment-lines-home-workout-mat-for-women-men-and-kids-thick-non-slip-yoga-mat-for-pilates-and-fitness-brown-pink-and-purple-yoga-mats","YOGATI® Yoga Mat with Strap with Alignment Lines. Home Worko","B0CJ39LHNX","4","https://www.amazon.com/dp/B0CJ39LHNX?tag=dawnwire-20&linkCode=ll2&language=en_US"
"monster-bluetooth-speaker-wireless-portable-outdoor-bluetooth-speakers-60w-true-wireless-stereo-ipx8-waterproof-dual-pairingbluetooth-54-built-in-mic-black","Monster Bluetooth Speaker, Wireless Portable Outdoor Bluetoo","B0F43NM23Q","4","https://www.amazon.com/dp/B0F43NM23Q?tag=dawnwire-20&linkCode=ll2&language=en_US"
"chefman-obliterator-48-oz-countertop-blender-for-smoothies-1380w-motor-to-crush-ice-nuts-and-frozen-fruit-with-stainless-steel-blade-auto-blend-function-includes-tamper-and-scraper","Chefman Obliterator 48 oz Countertop Blender for Smoothies, ","B0FLMSS7GD","4","https://www.amazon.com/dp/B0FLMSS7GD?tag=dawnwire-20&linkCode=ll2&language=en_US"
"wonenice-50l455-waterproof-hiking-backpack-outdoor-daypack-wrain-cover","WoneNice 50L(45+5) Waterproof Hiking Backpack Outdoor Daypac","B07M9NGMZ5","4","https://www.amazon.com/dp/B07M9NGMZ5?tag=dawnwire-20&linkCode=ll2&language=en_US"
"speak-spell-educational-learning-toy-spelling-games-80s-retro-handheld","Speak & Spell Educational Learning Toy, Spelling Games, 80s ","B0DLGXCQFZ","4","https://www.amazon.com/dp/B0DLGXCQFZ?tag=dawnwire-20&linkCode=ll2&language=en_US"
"anua-pdrn-collagen-glow-facial-serum-spray-338-fl-oz","Anua PDRN Collagen Glow Facial Serum Spray, 3.38 fl oz","B0FVT77ZLL","4","https://www.amazon.com/dp/B0FVT77ZLL?tag=dawnwire-20&linkCode=ll2&language=en_US"
"homexcel-12pk-microfiber-cleaning-cloth-cleaning-rag-for-home-115x115in","HOMEXCEL 12PK Microfiber Cleaning Cloth, Cleaning Rag for Ho","B098D79MQB","4","https://www.amazon.com/dp/B098D79MQB?tag=dawnwire-20&linkCode=ll2&language=en_US"
"biodance-collagen-peptides-jelly-serum-mist-hydrating-face-mist-plumping-anti-aging-face-spray-sprayable-hydrogel-travel-essentials-self-care-gifts-for-women-korean-skin-care-169-floz","BIODANCE Collagen Peptides Jelly Serum Mist, Hydrating Face ","B0GF86QJK7","4","https://www.amazon.com/dp/B0GF86QJK7?tag=dawnwire-20&linkCode=ll2&language=en_US"
"womens-animal-plush-slippers-cute-cozy-fuzzy-house-shoes-non-slip-sole","Women's Animal Plush Slippers, Cute Cozy Fuzzy House Shoes N","B0D79YHL4P","3","https://www.amazon.com/dp/B0D79YHL4P?tag=dawnwire-20&linkCode=ll2&language=en_US"
"the-ultimate-guide-to-college-success-smart-strategies-for-time-management-practical-study-skills-goal-setting-and-productivity-hacks-for-academic-confidence","The Ultimate Guide to College Success: Smart Strategies for ","B0DYPM21K8","3","https://www.amazon.com/dp/B0DYPM21K8?tag=dawnwire-20&linkCode=ll2&language=en_US"
"faber-castell-kneadable-eraser-for-artists-in-storage-case---absorbent-kneaded-erasers-art-eraser-1-pack-grey","Faber-Castell Kneadable Eraser for Artists in Storage Case -","B01EFPZHOO","3","https://www.amazon.com/dp/B01EFPZHOO?tag=dawnwire-20&linkCode=ll2&language=en_US"
"vitever-130-sets---2-oz-jello-shot-cups-small-plastic-containers-with-lids-airtight-and-stackable-portion-cups-salad-dressing-container-dipping-sauce-cups-condiment-cups","VITEVER 130 sets - 2 oz Jello Shot Cups, Small Plastic Conta","B09YGRM35C","3","https://www.amazon.com/dp/B09YGRM35C?tag=dawnwire-20&linkCode=ll2&language=en_US"
"tamaki-erasers-large-white-6-pack","Tamaki Erasers, Large, White, 6 Pack","B0B2NTNCP5","3","https://www.amazon.com/dp/B0B2NTNCP5?tag=dawnwire-20&linkCode=ll2&language=en_US"
"transon-art-portfolio-case-artist-backpack-canvas-bag-large-26-x-195","TRANSON Art Portfolio Case Artist Backpack Canvas Bag Large ","B07BHKPT3N","3","https://www.amazon.com/dp/B07BHKPT3N?tag=dawnwire-20&linkCode=ll2&language=en_US"
"existential-crisis-duck-lamp-night-light-white-elephant-gifts","Existential Crisis Duck Lamp Night Light, White Elephant Gif","B0DRL96PCC","3","https://www.amazon.com/dp/B0DRL96PCC?tag=dawnwire-20&linkCode=ll2&language=en_US"
"mini-funny-knitted-wool-crochet-potato-doll-toy-with-positive-card","Mini Funny Knitted Wool Crochet Potato Doll Toy with Positiv","B0C2BJ26P7","3","https://www.amazon.com/dp/B0C2BJ26P7?tag=dawnwire-20&linkCode=ll2&language=en_US"
"70-piece-back-to-school-supplies-kit-for-middle-high-school-students-grades-7-12-complete-student-supply-bundle-with-binder-notebooks-folders-pens-pencils-highlighters-classroom-essentials","70 Piece Back to School Supplies Kit for Middle & High Schoo","B00H58G27K","3","https://www.amazon.com/dp/B00H58G27K?tag=dawnwire-20&linkCode=ll2&language=en_US"
"sharpie-clear-view-highlighter-sticks-chisel-tip-highlighter-market-set-essential-school-teacher-supplies-smear-resistant-assorted-color-highlighters-8-pack","Sharpie Clear View Highlighter Sticks, Chisel Tip Highlighte","B019QROV9S","3","https://www.amazon.com/dp/B019QROV9S?tag=dawnwire-20&linkCode=ll2&language=en_US"
"champion-boys-2-pack-short-sleeve-tee-shirt-for-kids","Champion Boys 2 Pack Short Sleeve Tee Shirt for Kids","B0GQ755TYK","3","https://www.amazon.com/dp/B0GQ755TYK?tag=dawnwire-20&linkCode=ll2&language=en_US"
"crocs-kids-classic-clog-little-kidbig-kidtoddler","Crocs Kid's Classic Clog (Little Kid/Big Kid/Toddler)","B09642FYB7","3","https://www.amazon.com/dp/B09642FYB7?tag=dawnwire-20&linkCode=ll2&language=en_US"
"ctosree-340-pcs-back-to-school-supplies-kit-bulk-school-supplies-kit-for-kids-clearance-include-crayon-rulers-pencil-pouch-safety-scissors-sharpeners-eraser-gift-for-student-class-charity-donation","Ctosree 340 Pcs Back to School Supplies Kit Bulk School Supp","B0D2P1W1H4","3","https://www.amazon.com/dp/B0D2P1W1H4?tag=dawnwire-20&linkCode=ll2&language=en_US"
"simple-modern-marvel-spidey-kids-backpack-for-school-girls-boys-12l","Simple Modern Marvel Spidey Kids Backpack for School, Girls,","B0B4KMZRC3","3","https://www.amazon.com/dp/B0B4KMZRC3?tag=dawnwire-20&linkCode=ll2&language=en_US"
"elmers-disappearing-purple-school-glue-sticks-washable-7-grams-30-count---posters-back-to-school-bulk-pack-for-classrooms-1-teacher-brand","Elmer's Disappearing Purple School Glue Sticks, Washable, 7 ","B000VXO4L2","3","https://www.amazon.com/dp/B000VXO4L2?tag=dawnwire-20&linkCode=ll2&language=en_US"
"compressed-air-duster-130000rpm-ultra-powerful-electric-air-duster","Compressed Air Duster, 130,000RPM Ultra-Powerful Electric Ai","B0F5HNWHTX","3","https://www.amazon.com/dp/B0F5HNWHTX?tag=dawnwire-20&linkCode=ll2&language=en_US"
"razer-viper-v3-hyperspeed-wireless-pc-gaming-mouse-82g-black","Razer Viper V3 HyperSpeed Wireless PC Gaming Mouse, 82g, Bla","B0CF4DJM7F","3","https://www.amazon.com/dp/B0CF4DJM7F?tag=dawnwire-20&linkCode=ll2&language=en_US"
"verbatim-dvdr-47gb-16x-azo-recordable-media-disc---100-disc-spindle-ffp","Verbatim DVD+R 4.7GB 16x AZO Recordable Media Disc - 100 Dis","B003ZDNZSS","3","https://www.amazon.com/dp/B003ZDNZSS?tag=dawnwire-20&linkCode=ll2&language=en_US"
"acegamer-aurora-ii-24g-wireless-bluetooth-controller-for-pcandroidswitchiosswitch-2steam-deck-with-rotary-motors-rgb-hall-effect-joysticks---upgraded-pc-gaming-controller-and-back-buttons-lock","AceGamer Aurora II 2.4G Wireless Bluetooth Controller for PC","B0FJRTNTHQ","3","https://www.amazon.com/dp/B0FJRTNTHQ?tag=dawnwire-20&linkCode=ll2&language=en_US"
"big-fudge-12-vinyl-record-sleeves---outer-sleeves-50-pack---crystal-clear-high-density-polypropylene-vinyl-covers---accessories-protect-lp-albums-from-dust-dirt-scratches","Big Fudge 12"" Vinyl Record Sleeves - Outer Sleeves 50 Pack -","B078GD1H5B","3","https://www.amazon.com/dp/B078GD1H5B?tag=dawnwire-20&linkCode=ll2&language=en_US"
"startech-2u-vented-cantilever-rack-shelf-16in-deep-50lb-taa-cabshelfv","StarTech 2U Vented Cantilever Rack Shelf, 16in Deep, 50lb, T","B008X3JHJQ","3","https://www.amazon.com/dp/B008X3JHJQ?tag=dawnwire-20&linkCode=ll2&language=en_US"
"amd-ryzen-7-9800x3d-8-core-16-thread-desktop-processor","AMD RYZEN 7 9800X3D 8-Core, 16-Thread Desktop Processor","B0DKFMSMYK","3","https://www.amazon.com/dp/B0DKFMSMYK?tag=dawnwire-20&linkCode=ll2&language=en_US"
"amd-ryzen-7-5800x3d-8-core-16-thread-desktop-processor-with-amd-3d-v-cache-technology","AMD Ryzen 7 5800X3D 8-core, 16-Thread Desktop Processor with","B0H41D4KFT","3","https://www.amazon.com/dp/B0H41D4KFT?tag=dawnwire-20&linkCode=ll2&language=en_US"
"amd-ryzen-5-9600x-6-core-12-thread-unlocked-desktop-processor","AMD Ryzen™ 5 9600X 6-Core, 12-Thread Unlocked Desktop Proces","B0D6NN6TM7","3","https://www.amazon.com/dp/B0D6NN6TM7?tag=dawnwire-20&linkCode=ll2&language=en_US"
"amd-ryzen-7-7800x3d-8-core-16-thread-desktop-processor","AMD Ryzen 7 7800X3D 8-Core, 16-Thread Desktop Processor","B0BTZB7F88","3","https://www.amazon.com/dp/B0BTZB7F88?tag=dawnwire-20&linkCode=ll2&language=en_US"
"logitech-mx-master-3s-bluetooth-wireless-mouse-no-receiver---graphite","Logitech MX Master 3S Bluetooth Wireless Mouse No Receiver -","B0FB21526X","3","https://www.amazon.com/dp/B0FB21526X?tag=dawnwire-20&linkCode=ll2&language=en_US"
"usb-c-to-usb-c-cable-3ft-2-pack-nylon-60w-iphone-17-charger-cord","USB C to USB C Cable 3FT 2 Pack, Nylon 60W iPhone 17 Charger","B0F1DD59KB","3","https://www.amazon.com/dp/B0F1DD59KB?tag=dawnwire-20&linkCode=ll2&language=en_US"
"12-sauerkraut-pounder-for-mason-jars-vegetable-fermentation","12"" Sauerkraut Pounder for Mason Jars Vegetable Fermentation","B07C2TJRGJ","3","https://www.amazon.com/dp/B07C2TJRGJ?tag=dawnwire-20&linkCode=ll2&language=en_US"
"wooden-coaster-set-of-6-coffee-table-decor-bar-cup-drink-coasters-holder","Wooden Coaster Set of 6 Coffee Table Decor Bar Cup Drink Coa","B0C9WSP6LW","3","https://www.amazon.com/dp/B0C9WSP6LW?tag=dawnwire-20&linkCode=ll2&language=en_US"